{"cameraMode":{"drawMode":0,"name":"Shaded","section":"Shading Mode"},"sceneLighting":false,"audioPlay":false,"sceneViewState":{"m_AlwaysRefresh":false,"showFog":true,"showSkybox":false,"showFlares":true,"showImageEffects":true,"showParticleSystems":true,"showVisualEffectGraphs":true,"m_FxEnabled":true},"in2DMode":false,"pivot":{"x":-0.22221115231513978,"y":-0.20999720692634583,"z":-0.1265789419412613},"rotation":{"x":0.11603254079818726,"y":-0.8092180490493774,"z":0.5500593781471252,"w":0.17070148885250092},"size":0.5300102233886719,"orthographic":false}