{"cameraMode":{"drawMode":0,"name":"Shaded","section":"Shading Mode"},"sceneLighting":false,"audioPlay":false,"sceneViewState":{"m_AlwaysRefresh":false,"showFog":true,"showSkybox":false,"showFlares":true,"showImageEffects":true,"showParticleSystems":true,"showVisualEffectGraphs":true,"m_FxEnabled":true},"in2DMode":false,"pivot":{"x":15.032881736755371,"y":4.950774192810059,"z":-0.06683407723903656},"rotation":{"x":0.5672236084938049,"y":0.06653153151273728,"z":-0.04604586213827133,"w":0.8195796012878418},"size":1.0061073303222657,"orthographic":false}