{"cameraMode":{"drawMode":0,"name":"Shaded","section":"Shading Mode"},"sceneLighting":false,"audioPlay":false,"sceneViewState":{"m_AlwaysRefresh":false,"showFog":true,"showSkybox":true,"showFlares":true,"showImageEffects":true,"showParticleSystems":true,"showVisualEffectGraphs":true,"m_FxEnabled":true},"in2DMode":false,"pivot":{"x":-1.4884397983551026,"y":-0.37938785552978518,"z":-2.727062940597534},"rotation":{"x":0.03922232985496521,"y":0.9582078456878662,"z":-0.23296669125556947,"w":0.16132448613643647},"size":3.2189621925354006,"orthographic":false}